{
    "Objects": [
        {
            "ObjectID": "^ABAND_BARREL",
            "Position": [
                0.0,
                0.0,
                0.0
            ],
            "Up": [
                0.0,
                0.6000000238418579,
                -1.4305115314527939e-07
            ],
            "At": [
                0.0,
                2.384185791015625e-07,
                1.0
            ],
            "Timestamp": 1646585531,
            "UserData": 0
        },
        {
            "ObjectID": "^SPHERESHAPE",
            "Position": [
                0.0,
                0.7564662098884583,
                -3.3066189786268296e-08
            ],
            "Up": [
                0.0,
                0.27250000834465027,
                -6.496905768926808e-08
            ],
            "At": [
                0.0,
                2.3841855067985307e-07,
                1.0
            ],
            "Timestamp": 1646585680,
            "UserData": 0
        }
    ],
    "timestamp": 1683237479,
    "BaseVersion": 5
}