{
    "Objects": [
        {
            "ObjectID": "^S_POT0",
            "Position": [
                0.0,
                0.0,
                0.0
            ],
            "Up": [
                0.0,
                1.399999976158142,
                0.0003122568014077842
            ],
            "At": [
                0.0,
                -0.00022304058074951172,
                1.0
            ],
            "Timestamp": 1646366658,
            "UserData": 0
        },
        {
            "ObjectID": "^BASE_HOTPLANT02",
            "Position": [
                0.0,
                0.33807694911956787,
                -1.4777812751276542e-08
            ],
            "Up": [
                0.0,
                0.4000000059604645,
                9.393693289894145e-06
            ],
            "At": [
                0.0,
                -2.3484233679482713e-05,
                1.0
            ],
            "Timestamp": 1646366699,
            "UserData": 4278190088
        }
    ],
    "timestamp": 1683243730,
    "BaseVersion": 5
}